size,rank,average_seconds,combination
15000,1,0.54374002,"pares=InsertionSort, impares=SelectionSort, final=QuickSort"
15000,2,0.54385290,"pares=InsertionSort, impares=BubbleSort, final=QuickSort"
15000,3,0.54594709,"pares=SelectionSort, impares=BubbleSort, final=QuickSort"
15000,4,0.54614548,"pares=InsertionSort, impares=MergeSort, final=QuickSort"
15000,5,0.54789662,"pares=MergeSort, impares=BubbleSort, final=QuickSort"
15000,6,0.55256962,"pares=InsertionSort, impares=BubbleSort, final=MergeSort"
15000,7,0.55924040,"pares=InsertionSort, impares=SelectionSort, final=MergeSort"
15000,8,0.56197092,"pares=MergeSort, impares=SelectionSort, final=QuickSort"
15000,9,0.56652753,"pares=SelectionSort, impares=MergeSort, final=QuickSort"
15000,10,0.57201966,"pares=SelectionSort, impares=BubbleSort, final=MergeSort"
15000,11,0.63901236,"pares=SelectionSort, impares=MergeSort, final=InsertionSort"
15000,12,0.63944137,"pares=MergeSort, impares=BubbleSort, final=InsertionSort"
15000,13,0.64328335,"pares=SelectionSort, impares=BubbleSort, final=InsertionSort"
15000,14,0.68813589,"pares=MergeSort, impares=SelectionSort, final=InsertionSort"
16000,1,0.54213328,"pares=InsertionSort, impares=SelectionSort, final=QuickSort"
16000,2,0.54286486,"pares=InsertionSort, impares=BubbleSort, final=QuickSort"
16000,3,0.54319333,"pares=SelectionSort, impares=BubbleSort, final=QuickSort"
16000,4,0.54329574,"pares=InsertionSort, impares=MergeSort, final=QuickSort"
16000,5,0.54408517,"pares=InsertionSort, impares=SelectionSort, final=MergeSort"
16000,6,0.54812703,"pares=InsertionSort, impares=BubbleSort, final=MergeSort"
16000,7,0.54821935,"pares=SelectionSort, impares=BubbleSort, final=MergeSort"
16000,8,0.54844923,"pares=MergeSort, impares=BubbleSort, final=QuickSort"
16000,9,0.55973101,"pares=SelectionSort, impares=MergeSort, final=QuickSort"
16000,10,0.58214951,"pares=MergeSort, impares=SelectionSort, final=QuickSort"
16000,11,0.63176137,"pares=MergeSort, impares=SelectionSort, final=InsertionSort"
16000,12,0.63574174,"pares=MergeSort, impares=BubbleSort, final=InsertionSort"
16000,13,0.63921560,"pares=SelectionSort, impares=MergeSort, final=InsertionSort"
16000,14,0.64000715,"pares=SelectionSort, impares=BubbleSort, final=InsertionSort"
17000,1,0.54090223,"pares=SelectionSort, impares=BubbleSort, final=QuickSort"
17000,2,0.54211648,"pares=MergeSort, impares=BubbleSort, final=QuickSort"
17000,3,0.54218536,"pares=SelectionSort, impares=MergeSort, final=QuickSort"
17000,4,0.54236413,"pares=InsertionSort, impares=BubbleSort, final=QuickSort"
17000,5,0.54255960,"pares=MergeSort, impares=SelectionSort, final=QuickSort"
17000,6,0.54382247,"pares=SelectionSort, impares=BubbleSort, final=MergeSort"
17000,7,0.54464514,"pares=InsertionSort, impares=MergeSort, final=QuickSort"
17000,8,0.54601492,"pares=InsertionSort, impares=SelectionSort, final=MergeSort"
17000,9,0.54747413,"pares=InsertionSort, impares=BubbleSort, final=MergeSort"
17000,10,0.55802573,"pares=InsertionSort, impares=SelectionSort, final=QuickSort"
17000,11,0.62963390,"pares=SelectionSort, impares=BubbleSort, final=InsertionSort"
17000,12,0.63059642,"pares=MergeSort, impares=SelectionSort, final=InsertionSort"
17000,13,0.63181023,"pares=MergeSort, impares=BubbleSort, final=InsertionSort"
17000,14,0.63434750,"pares=SelectionSort, impares=MergeSort, final=InsertionSort"
18000,1,0.54968617,"pares=InsertionSort, impares=MergeSort, final=QuickSort"
18000,2,0.56021613,"pares=InsertionSort, impares=BubbleSort, final=QuickSort"
18000,3,0.56392112,"pares=InsertionSort, impares=SelectionSort, final=QuickSort"
18000,4,0.57404577,"pares=InsertionSort, impares=SelectionSort, final=MergeSort"
18000,5,0.58343539,"pares=SelectionSort, impares=BubbleSort, final=QuickSort"
18000,6,0.58928619,"pares=MergeSort, impares=BubbleSort, final=QuickSort"
18000,7,0.58970698,"pares=SelectionSort, impares=MergeSort, final=QuickSort"
18000,8,0.59590060,"pares=InsertionSort, impares=BubbleSort, final=MergeSort"
18000,9,0.60595842,"pares=MergeSort, impares=SelectionSort, final=QuickSort"
18000,10,0.62235475,"pares=SelectionSort, impares=BubbleSort, final=MergeSort"
18000,11,0.71135460,"pares=MergeSort, impares=SelectionSort, final=InsertionSort"
18000,12,0.72725398,"pares=MergeSort, impares=BubbleSort, final=InsertionSort"
18000,13,0.76005878,"pares=SelectionSort, impares=MergeSort, final=InsertionSort"
18000,14,0.76706440,"pares=SelectionSort, impares=BubbleSort, final=InsertionSort"
19000,1,0.54173055,"pares=InsertionSort, impares=BubbleSort, final=QuickSort"
19000,2,0.54348037,"pares=InsertionSort, impares=SelectionSort, final=MergeSort"
19000,3,0.54726374,"pares=InsertionSort, impares=BubbleSort, final=MergeSort"
19000,4,0.54744942,"pares=SelectionSort, impares=BubbleSort, final=QuickSort"
19000,5,0.54836373,"pares=MergeSort, impares=BubbleSort, final=QuickSort"
19000,6,0.54949207,"pares=InsertionSort, impares=MergeSort, final=QuickSort"
19000,7,0.54985453,"pares=InsertionSort, impares=SelectionSort, final=QuickSort"
19000,8,0.55031476,"pares=MergeSort, impares=SelectionSort, final=QuickSort"
19000,9,0.55146933,"pares=SelectionSort, impares=MergeSort, final=QuickSort"
19000,10,0.55827181,"pares=SelectionSort, impares=BubbleSort, final=MergeSort"
19000,11,0.63580450,"pares=MergeSort, impares=BubbleSort, final=InsertionSort"
19000,12,0.63736343,"pares=SelectionSort, impares=MergeSort, final=InsertionSort"
19000,13,0.63771923,"pares=MergeSort, impares=SelectionSort, final=InsertionSort"
19000,14,0.64483125,"pares=SelectionSort, impares=BubbleSort, final=InsertionSort"
20000,1,0.54266987,"pares=MergeSort, impares=BubbleSort, final=QuickSort"
20000,2,0.54643026,"pares=InsertionSort, impares=SelectionSort, final=QuickSort"
20000,3,0.54691868,"pares=InsertionSort, impares=BubbleSort, final=QuickSort"
20000,4,0.54799064,"pares=SelectionSort, impares=BubbleSort, final=QuickSort"
20000,5,0.54834217,"pares=InsertionSort, impares=MergeSort, final=QuickSort"
20000,6,0.55039841,"pares=SelectionSort, impares=MergeSort, final=QuickSort"
20000,7,0.55153758,"pares=MergeSort, impares=SelectionSort, final=QuickSort"
20000,8,0.55164808,"pares=SelectionSort, impares=BubbleSort, final=MergeSort"
20000,9,0.55367420,"pares=InsertionSort, impares=SelectionSort, final=MergeSort"
20000,10,0.55615200,"pares=InsertionSort, impares=BubbleSort, final=MergeSort"
20000,11,0.63848201,"pares=SelectionSort, impares=BubbleSort, final=InsertionSort"
20000,12,0.63925367,"pares=SelectionSort, impares=MergeSort, final=InsertionSort"
20000,13,0.64366385,"pares=MergeSort, impares=BubbleSort, final=InsertionSort"
20000,14,0.65022632,"pares=MergeSort, impares=SelectionSort, final=InsertionSort"
